FLT2305-0179,New,,Pass,,,,Pass,Pass,Pass,Pass,Pass
FLT2305-0180,New,,Pass,,,,Pass,Pass,Pass,Pass,Pass
FLT2305-0181,New,,Pass,,,,Pass,Pass,Pass,Pass,Pass
FLT2305-0182,New,,Pass,,,,Pass,Pass,Pass,Pass,Pass
FLT2305-0183,New,,Pass,,,,Pass,Pass,Pass,Pass,Pass
FLT2305-0184,New,,Pass,,,,Pass,Pass,Pass,Pass,Pass
FLT2305-0185,New,,Pass,,,,Pass,Pass,Pass,Pass,Pass
FLT2305-0186,New,,Pass,,,,Pass,Pass,Pass,Pass,Pass
FLT2305-0187,New,,Pass,,,,Pass,Pass,Pass,Pass,Pass
FLT2305-0188,New,,Pass,,,,Pass,Pass,Pass,Pass,Pass
FLT2305-0189,New,,Pass,,,,Pass,Pass,Pass,Pass,Pass
FLT2305-0190,New,,Pass,,,,Pass,Pass,Pass,Pass,Pass
